,person,location,date,organization
CIA_01,"['Igor Kolokov', 'Kolokov', 'Kolokov', 'Kolokov']","['Cairo', 'the Middle East', 'Moscow', 'Medikat', 'Strizi', 'Kirov', 'Russia', 'Peshawar']","['29 January, 2003']",[]
CIA_02,"['David Loiseau', 'Kanjak Training Camp', 'Raeed Beandali', 'Al Khaldun', 'Fahd Khadr', 'Al-Badr']","['Toronto', 'Gizab', 'Qalat', 'London', 'Montreal']","['2000-2001', 'March 2002', '2000-2001', '26 November, 2002', '12 December, 2002', '1999-2000', '23 October, 2000']",['Detroit MI.']
CIA_03,"['Arze', 'Arze', 'Arze', 'Hector Lopez']","['Cesar Arze', 'Domingo', 'Dominican Republic', 'Havana', 'Cuba', 'Bogota', 'Columbia', 'South', 'Central America', 'Caribbean']","['1992', '23 January, 2003']",['FARC']
CIA_04,"['Jose Escalante', 'Escalante', 'Escalante']","['Calamar', 'Columbia', 'Havana', 'Columbia', 'Ecuador', 'Peru', 'Caribbean']","['3 March,', '2003', '1991']",['the National Liberation Army']
CIA_05,['Pyotr Safrygin'],"['Strizi', 'Russia', 'Lipetsk', 'Russia', 'Moscow']","['26 December, 1950']","['the Vector institute', 'Central Russia Airlines']"
CIA_06,"['Saeed Hasham', 'Hamid Qatada', 'Yasir Salman', 'Salang', 'Osama bin Laden', 'Khalid Taha', 'Spin Shaga', 'Fahd al Badawi', 'Osama bin Laden']","['Khost', 'Pakhtia province', 'Egypt']","['2002', '22 September 2002', '2001', 'July', '2000']","['Al Qaeda', 'Jorm, Taloqan', 'Kashmiri', 'University of Cairo', 'Farooq']"
CIA_07,"['Surete', 'Abdillah Zinedine', 'Rue Duhesme', 'Mehdi Rafiki', 'Rue Duhesme', 'Abu Hafs', 'Zakarya Ziyad']","['Zinedine', 'Paris', 'the Fall of 2001', 'Zinedine', 'Afghanistan', 'Pakhtia province', 'Afghanistan', 'Zinedine', 'Paris', 'Montreal', 'Canada', 'Zinedine', 'Chicago', 'Murad', 'Zinedine', 'Murad', 'America']","['2 April, 2003 the', '1997 - 2000', '1 April, 2003']","['Abu Hafs', 'the Amercan Embassy', 'Al Qaeda']"
CIA_08,"['Mohamed al Omari', 'Badawi', 'Mamdouh al Hazmi']","['Peshawar', 'Parachinar', 'Afghanistan', 'Pakistan', 'Afghanistan', 'Peshawar']","['12 January 2003', '2001', '2 January, 2003']","['Omari', 'Al Qaeda', 'Omari', 'Al Qaeda', 'Omari', 'Farooq', 'Omari', 'Farooq', 'Hasham', 'Omari', 'Omari', 'Al Qaeda']"
CIA_09,['Ramundo Ortiz'],"['Liberia', 'Panama City', 'Panama']",[],[]
CIA_10,"['Omar Mahmoud Othman', 'Omar Hanif', 'Othman', 'Heathrow', 'Hanif', 'Othman', 'Jamal al Quso']","['London', 'UK', 'Afghanistan', 'London', 'Islamabad', 'London', 'Nassau', 'Bahamas', 'Bahamas', 'Nassau', 'Freeport', 'UK', 'Yemen', 'London', 'Chicago', 'Illinois']","['a year', '1999', 'February of 1999', 'December, 1999', '1993', '1998', '1996', 'one-year', 'July 17, 1999']","['the Baker St. Mosque', 'Apple St.', 'the Seashore Hotel', 'the Freeport Star Hotel']"
CIA_11,"['Yasir Salman', 'F. Badawi', 'Safrygin']","['Peshawar', 'USA']","['15 May, 2003', 'the day before', 'May, 2002', 'March 10, 2003']","['Al Qaeda', 'Pakistani Intelligence']"
CIA_12,"['Mohamed Essabar', 'A. Atmani', 'Abdellah Atmani', 'Atmani', 'Atmani', 'Atmani']","['Casablanca', 'Afghanistan', 'Essabar', 'Casablanca', 'Casablanca', 'Casablanca', 'the east coast', 'USA', 'Caribbean']","['16 May, 2003', '18 June, 2003', '16 May, 2003']","['Al Qaeda', 'the Holland Orange Shipping Lines', 'Holland Orange']"
CIA_13,"['Riduan Sungkar', 'Omar Evertts', 'A. Somad', 'Buckthorn St', 'Y. Bafaba']","['Amsterdam', 'The Netherlands', 'Amsterdam', 'The Netherlands', 'Kuala Lumpur', 'Amsterdam', 'Chicago', 'IL', 'Los Angeles', 'Amsterdam', 'Los Angeles', 'Culver City']","['20 June, 2003', 'the mid 1990s', '1974', '23 June, 2003']","['Sungkar', 'Voorburg', 'Flaxton St.']"
CIA_14,"['Ramundo Ortiz', 'Ortiz']","['Panama City', 'Panama City', 'Central and South America', 'Havana', 'Cuba', 'Africa', 'the Middle East', 'Iran', 'Pakistan']",[],[]
CIA_15,[],"['Peshawar', 'Peshawar']","['15 July, 2003', '17 July']",['Al Qaeda']
CIA_16,"['Satam Derwish', 'Ronald']","['Windsor, Ontario', 'Canada', 'Windsor', 'Detroit', 'Michigan', 'Windsor', 'USA', 'Newark', 'NJ', 'Chicago', 'IL', 'Columbus', 'Ohio']","['1 July, 2003', '1992']","['NSA', 'RCMP', 'RCMP', 'Derwish', 'RCMP', 'Hezbollah', 'Canada Eastern Airlines', 'Canadian Eastern Airlines']"
CIA_17,"['Bugarov', 'Pyotr Safrygin', 'Boris Bugarov', 'Yury Kalinin']","['Moscow', 'Havana', 'Cuba', 'Moscow', 'Russia', 'Cuba', 'Havana']","['12 September, 2003', 'Vector', 'the years 1986 and 1990', '1990']","['NSA', 'the Vector Institute']"
CIA_18,"['Muslih Odeh', 'Muslih Odeh', 'Odeh']","['Jeddah', 'Saudi Arabia', 'Riyadh']","['15 September, 2003', '1967', '1998']","['NSA', 'Saudi Intelligence']"
CIA_19,[],"['Peshawar', 'Orgun', 'Afghanistan']","['2 January, 2003', '20 April, 2003', '12 March', '2003']","['CIA', 'Al Qaeda', 'a Mamdouh al Hazmi']"
CIA_20,"['Badawi', 'Badawi']",[],"['about 2 October, 2003']",['Chitral']
CIA_21,"['Carlos Araneda', 'Jose Escalante', 'B. Bugarov', 'Arnoldo Ramirez']","['Havana', 'Cuba', 'Havana', 'Cuba', 'San Cristobal', 'Cuba']","['19 October, 2003', '22 October, 2003', '21 October, 2003', '23 October, 2003', '18 October, 2003', '22 October, 2003']","['Casablanca', 'the Moroccan Sands Hotel']"
CIA_22,"['Ali Talib', 'Omar al Banna', 'Nadia Mahfouz', 'Ali Mishal', 'Abdel Noufal', 'Ahmad Miner', 'Yasir Salman', 'Shukri Azzam', 'Nidal Awad']","['Pakistan', 'Casablanca', 'Islamabad']","['between 19 - 24 October, 2003', 'October', 'October', 'October', 'October', 'October', 'October', 'October', 'October', 'October', '23 October']","['Moroccan Oasis Hotel', 'Abu Adil', 'Jamat Syeed', 'Moroccan Sands Hotel']"
CIA_23,"['Carlos Morales', 'Morales', 'Morales', 'Morales', 'Morales']","['Dominican Republic', 'Buenos Aires', 'Argentina']","['65', '1 November, 2003', '2000', 'February of 2001', '4 March, 1970']","['NSA', 'AutoFleet', 'Santo Domingo']"
CIA_24,"['Omar Hanif', 'Saeed Hasham']","['Nassau', 'Bahamas', 'Cairo', 'Egypt', 'Cairo', 'Cairo']","['20 December, 2003', '25 December, 2003']",['Ramses St.']
CIA_25,"['Ramundo Ortiz', 'Jose Escalante']","['Panama City', 'Havana', 'Cuba']","['27 January, 2004']","['the Canal Bank', 'the Peoples Bank', 'Peoples Bank']"
CIA_26,"['Omar Hanif', 'Hanif', 'Hanif']","['Nassau', 'Bahamas', 'Nassau', 'Miami', 'London', 'Karachi', 'Pakistan', 'Karachi', 'Nishtar Rd']","['4 February, 2004', '5 February', '7 February']",['Pakistani Intelligence']
CIA_27,"['Ali Sufaat', 'Sufaat', 'Sufaat']","['Caracas', 'Venezuela', 'Caracas', 'Cuba', 'Bahamas', 'Caribbean Cargo']",['17 February'],['the Caribbean Cargo Shipping Lines']
CIA_28,[],"['Casablanca', 'USA', 'Miami', 'Savannah', 'Norfolk', 'VA', 'USA', 'Domingo', 'Dominican Republic', 'Caracas', 'Venezuela', 'USA', 'the Dominican Republic', 'Venezuela']",[],"['Holland Orange Shipping Lines', 'Dutch Courage', 'Orange Queen', 'Orange Queen', 'Dutch Courage']"
CIA_29,['Amur'],['Blagoveshchensk'],"['15 April, 2004']",[]
CIA_30,"['Cesar Arze', 'Domingo', 'Arze', 'Carlos Morales', 'Jose Escalante', 'Arze', 'Escalante', 'Arze', 'Carlos Morales']","['Havana', 'Cuba', 'Buenos Aires', 'Argentina', 'Argentina']","['1 May, 2004', '1992 - 1993', '22 February', '2003', '15 November, 2003']","['CIA', 'CIA']"
CIA_31,"['Boris Bugarov', 'Bugarov', 'Bugarov']","['Vector', 'Cuba', 'Moscow', 'Cuba', 'Europe', 'the Middle East', 'South America', 'Cuba']","['1950', 'around 1986', '1992', '1993']","['Saratov', 'Moscow State University', 'Bugarov']"
CIA_32,['Odeh'],"['Odeh', 'Freeport', 'Bahamas']","['25 September', '2003']","['CIA', 'the Freeport Star Hotel']"
CIA_33,"['Abdul Nasser', 'Ali al-Omari', 'Abdul Ahmed Nasser', 'Ali al Omari']","['Afghanistan', 'Al Khuldan', 'Khost']","['1999 - 2001', '12 February, 2004', 'February of 2000']","['FBI', 'DIA Report']"
CIA_34,"['Pyotr Safrygin', 'Safrygin', 'Safrygin', 'Safrygin']","['Moscow', 'Strizhi', 'Moscow', 'Africa']",['1 September'],"['Central Russia Airlines', 'Safrygin']"
CIA_35,[],"['Bucaramanga', 'Columbia']",[],"['the Center of Disease Control', 'CDC', 'CDC', 'FMD']"
CIA_36,"['Grigory Sizov', 'Boris Bugarov', 'Sizov', 'Bugarov', 'Sizov', 'Sizov', 'Bugarov', 'Castro', 'Sizov', 'Bugarov', 'Bugarov', 'Sizov', 'Bugarov', 'Sizov', 'Bugarov', 'Sizov', 'Bugarov']","['USA', 'Cuba', 'Moscow', 'Havana', 'Soviet Union', 'Cuba', 'BW']",['2002'],[]
CIA_37,"['Abdul Jabarah', 'Fahd Jehani', 'Ramzi al Shibh', 'Jehani']","['Nishtar Rd', 'Karachi', 'Kuwaiti', 'Pakistan', 'Karachi', 'Moataz', 'Pakistan']","['13 February, 2004', '17 September, 2004', '5 September, 2004', '1 October, 2004', 'ten days']","['CIA', 'Al Qaeda', 'S. H', 'Chitral']"
CIA_38,"['Ali Sufaat', 'Sufaat', 'Sufaat', 'Omar Hanif']","['Nassau', 'Bahamas', 'Nassau']",[],"['the Island Freight Lines', 'Nassau and Santo Domingo', 'the Seashore Hotel']"
CIA_39,"['Abdellah Atmani', 'Atmani', 'Atmani']","['Casablanca', 'The Dominican Republic']","['5 October, 2004', 'Later the same day']","['the Holland Orange Shipping Lines', 'Central Russia Airlines', 'the ""Dutch Courage', 'Atmani', 'Holland Orange']"
CIA_40,"['al Ghamdi', 'al Ghamdi', 'Domingo']","['Riyadh', 'Saudi Arabia', 'Riyadh', 'Saudi Arabia', 'Afghanistan', 'Saudi Arabia']",['1970 to 1988'],['Al Qaeda']
CIA_41,"['Pyotr Safrygin', 'Safrygin']",[],"['2 November, 2004', '1 September, 2004', '15 September, 2004', 'Vector']","['CIA Report', 'the farm house']"
CIA_42,"['Omar Hanif', 'Hanif', 'Hanif', 'Hanif', 'Muslih Odeh', 'Odeh']","['Nassau', 'Bahamas']","['1 December, 2004']",['the Freeport Star Hotel']
CIA_43,"['Omar Hanif', 'Hanif', 'Hanif']",['Nassau'],"['yesterday', '15 December, 2004']",['Apple St.']
CIA_docs.txt,"['Igor Kolokov', 'Kolokov', 'Kolokov', 'Kolokov', 'David Loiseau', 'Kanjak Training Camp', 'Raeed Beandali', 'Al Khaldun', 'Fahd Khadr', 'Al-Badr', 'Arze', 'Arze', 'Arze', 'Hector Lopez', 'Jose Escalante', 'Escalante', 'Escalante', 'Pyotr Safrygin', 'Saeed Hasham', 'Hamid Qatada', 'Yasir Salman', 'Salang', 'Osama bin Laden', 'Khalid Taha', 'Spin Shaga', 'Fahd al Badawi', 'Osama bin Laden', 'Surete', 'Abdillah Zinedine', 'Rue Duhesme', 'Mehdi Rafiki', 'Rue Duhesme', 'Abu Hafs', 'Zakarya Ziyad', 'Mohamed al Omari', 'Badawi', 'Mamdouh al Hazmi', 'Ramundo Ortiz', 'Omar Mahmoud Othman', 'Omar Hanif', 'Othman', 'Heathrow', 'Hanif', 'Othman', 'Jamal al Quso', 'Yasir Salman', 'F. Badawi', 'Safrygin', 'Mohamed Essabar', 'A. Atmani', 'Abdellah Atmani', 'Atmani', 'Atmani', 'Atmani', 'Riduan Sungkar', 'Omar Evertts', 'A. Somad', 'Buckthorn St', 'Y. Bafaba', 'Ramundo Ortiz', 'Ortiz', 'Satam Derwish', 'Ronald', 'Bugarov', 'Pyotr Safrygin', 'Boris Bugarov', 'Yury Kalinin', 'Muslih Odeh', 'Muslih Odeh', 'Odeh', 'Badawi', 'Badawi', 'Carlos Araneda', 'Jose Escalante', 'B. Bugarov', 'Arnoldo Ramirez', 'Ali Talib', 'Omar al Banna', 'Nadia Mahfouz', 'Ali Mishal', 'Abdel Noufal', 'Ahmad Miner', 'Yasir Salman', 'Shukri Azzam', 'Nidal Awad', 'Carlos Morales', 'Morales', 'Morales', 'Morales', 'Morales', 'Omar Hanif', 'Saeed Hasham', 'Ramundo Ortiz', 'Jose Escalante', 'Omar Hanif', 'Hanif', 'Hanif', 'Ali Sufaat', 'Sufaat', 'Sufaat', 'Amur', 'Cesar Arze', 'Domingo', 'Arze', 'Carlos Morales', 'Jose Escalante', 'Arze', 'Escalante', 'Arze', 'Carlos Morales', 'Boris Bugarov', 'Bugarov', 'Bugarov', 'Odeh', 'Abdul Nasser', 'Ali al-Omari', 'Abdul Ahmed Nasser', 'Ali al Omari', 'Pyotr Safrygin', 'Safrygin', 'Safrygin', 'Safrygin', 'Grigory Sizov', 'Boris Bugarov', 'Sizov', 'Bugarov', 'Sizov', 'Sizov', 'Bugarov', 'Castro', 'Sizov', 'Bugarov', 'Bugarov', 'Sizov', 'Bugarov', 'Sizov', 'Bugarov', 'Sizov', 'Bugarov', 'Abdul Jabarah', 'Fahd Jehani', 'Ramzi al Shibh', 'Jehani', 'Ali Sufaat', 'Sufaat', 'Sufaat', 'Omar Hanif', 'Abdellah Atmani', 'Atmani', 'Atmani', 'al Ghamdi', 'al Ghamdi', 'Domingo', 'Pyotr Safrygin', 'Safrygin', 'Omar Hanif', 'Hanif', 'Hanif', 'Hanif', 'Muslih Odeh', 'Odeh', 'Omar Hanif', 'Hanif', 'Hanif']","['Cairo', 'the Middle East', 'Moscow', 'Medikat', 'Strizi', 'Kirov', 'Russia', 'Peshawar', 'Toronto', 'Gizab', 'Qalat', 'London', 'Montreal', 'Cesar Arze', 'Domingo', 'Dominican Republic', 'Havana', 'Cuba', 'Bogota', 'Columbia', 'South', 'Central America', 'Caribbean', 'Calamar', 'Columbia', 'Havana', 'Columbia', 'Ecuador', 'Peru', 'Caribbean', 'Strizi', 'Russia', 'Lipetsk', 'Russia', 'Moscow', 'Khost', 'Pakhtia province', 'Egypt', 'Zinedine', 'Paris', 'the Fall of 2001', 'Zinedine', 'Afghanistan', 'Pakhtia province', 'Afghanistan', 'Zinedine', 'Paris', 'Montreal', 'Canada', 'Zinedine', 'Chicago', 'Murad', 'Zinedine', 'Murad', 'America', 'Peshawar', 'Parachinar', 'Afghanistan', 'Pakistan', 'Afghanistan', 'Peshawar', 'Liberia', 'Panama City', 'Panama', 'London', 'UK', 'Afghanistan', 'London', 'Islamabad', 'London', 'Nassau', 'Bahamas', 'Bahamas', 'Nassau', 'Freeport', 'UK', 'Yemen', 'London', 'Chicago', 'Illinois', 'Peshawar', 'USA', 'Casablanca', 'Afghanistan', 'Essabar', 'Casablanca', 'Casablanca', 'Casablanca', 'the east coast', 'USA', 'Caribbean', 'Amsterdam', 'The Netherlands', 'Amsterdam', 'The Netherlands', 'Kuala Lumpur', 'Amsterdam', 'Chicago', 'IL', 'Los Angeles', 'Amsterdam', 'Los Angeles', 'Culver City', 'Panama City', 'Panama City', 'Central and South America', 'Havana', 'Cuba', 'Africa', 'the Middle East', 'Iran', 'Pakistan', 'Peshawar', 'Peshawar', 'Windsor, Ontario', 'Canada', 'Windsor', 'Detroit', 'Michigan', 'Windsor', 'USA', 'Newark', 'NJ', 'Chicago', 'IL', 'Columbus', 'Ohio', 'Moscow', 'Havana', 'Cuba', 'Moscow', 'Russia', 'Cuba', 'Havana', 'Jeddah', 'Saudi Arabia', 'Riyadh', 'Peshawar', 'Orgun', 'Afghanistan', 'Havana', 'Cuba', 'Havana', 'Cuba', 'San Cristobal', 'Cuba', 'Pakistan', 'Casablanca', 'Islamabad', 'Dominican Republic', 'Buenos Aires', 'Argentina', 'Nassau', 'Bahamas', 'Cairo', 'Egypt', 'Cairo', 'Cairo', 'Panama City', 'Havana', 'Cuba', 'Nassau', 'Bahamas', 'Nassau', 'Miami', 'London', 'Karachi', 'Pakistan', 'Karachi', 'Nishtar Rd', 'Caracas', 'Venezuela', 'Caracas', 'Cuba', 'Bahamas', 'Caribbean Cargo', 'Casablanca', 'USA', 'Miami', 'Savannah', 'Norfolk', 'VA', 'USA', 'Domingo', 'Dominican Republic', 'Caracas', 'Venezuela', 'USA', 'the Dominican Republic', 'Venezuela', 'Blagoveshchensk', 'Havana', 'Cuba', 'Buenos Aires', 'Argentina', 'Argentina', 'Vector', 'Cuba', 'Moscow', 'Cuba', 'Europe', 'the Middle East', 'South America', 'Cuba', 'Odeh', 'Freeport', 'Bahamas', 'Afghanistan', 'Al Khuldan', 'Khost', 'Moscow', 'Strizhi', 'Moscow', 'Africa', 'Bucaramanga', 'Columbia', 'USA', 'Cuba', 'Moscow', 'Havana', 'Soviet Union', 'Cuba', 'BW', 'Nishtar Rd', 'Karachi', 'Kuwaiti', 'Pakistan', 'Karachi', 'Moataz', 'Pakistan', 'Nassau', 'Bahamas', 'Nassau', 'Casablanca', 'The Dominican Republic', 'Riyadh', 'Saudi Arabia', 'Riyadh', 'Saudi Arabia', 'Afghanistan', 'Saudi Arabia', 'Nassau', 'Bahamas', 'Nassau']","['29 January, 2003', '2000-2001', 'March 2002', '2000-2001', '26 November, 2002', '12 December, 2002', '1999-2000', '23 October, 2000', '1992', '23 January, 2003', '3 March,', '2003', '1991', '26 December, 1950', '2002', '22 September 2002', '2001', 'July', '2000', '2 April, 2003 the', '1997 - 2000', '1 April, 2003', '12 January 2003', '2001', '2 January, 2003', 'a year', '1999', 'February of 1999', 'December, 1999', '1993', '1998', '1996', 'one-year', 'July 17, 1999', '15 May, 2003', 'the day before', 'May, 2002', 'March 10, 2003', '16 May, 2003', '18 June, 2003', '16 May, 2003', '20 June, 2003', 'the mid 1990s', '1974', '23 June, 2003', '15 July, 2003', '17 July', '1 July, 2003', '1992', '12 September, 2003', 'Vector', 'the years 1986 and 1990', '1990', '15 September, 2003', '1967', '1998', '2 January, 2003', '20 April, 2003', '12 March', '2003', 'about 2 October, 2003', '19 October, 2003', '22 October, 2003', '21 October, 2003', '23 October, 2003', '18 October, 2003', '22 October, 2003', 'between 19 - 24 October, 2003', 'October', 'October', 'October', 'October', 'October', 'October', 'October', 'October', 'October', '23 October', '65', '1 November, 2003', '2000', 'February of 2001', '4 March, 1970', '20 December, 2003', '25 December, 2003', '27 January, 2004', '4 February, 2004', '5 February', '7 February', '17 February', '15 April, 2004', '1 May, 2004', '1992 - 1993', '22 February', '2003', '15 November, 2003', '1950', 'around 1986', '1992', '1993', '25 September', '2003', '1999 - 2001', '12 February, 2004', 'February of 2000', '1 September', '2002', '13 February, 2004', '17 September, 2004', '5 September, 2004', '1 October, 2004', 'ten days', '5 October, 2004', 'Later the same day', '1970 to 1988', '2 November, 2004', '1 September, 2004', '15 September, 2004', 'Vector', '1 December, 2004', 'yesterday', '15 December, 2004']","['Detroit MI.', 'FARC', 'the National Liberation Army', 'the Vector institute', 'Central Russia Airlines', 'Al Qaeda', 'Jorm, Taloqan', 'Kashmiri', 'University of Cairo', 'Farooq', 'Abu Hafs', 'the Amercan Embassy', 'Al Qaeda', 'Omari', 'Al Qaeda', 'Omari', 'Al Qaeda', 'Omari', 'Farooq', 'Omari', 'Farooq', 'Hasham', 'Omari', 'Omari', 'Al Qaeda', 'the Baker St. Mosque', 'Apple St.', 'the Seashore Hotel', 'the Freeport Star Hotel', 'Al Qaeda', 'Pakistani Intelligence', 'Al Qaeda', 'the Holland Orange Shipping Lines', 'Holland Orange', 'Sungkar', 'Voorburg', 'Flaxton St.', 'Al Qaeda', 'NSA', 'RCMP', 'RCMP', 'Derwish', 'RCMP', 'Hezbollah', 'Canada Eastern Airlines', 'Canadian Eastern Airlines', 'NSA', 'the Vector Institute', 'NSA', 'Saudi Intelligence', 'CIA', 'Al Qaeda', 'a Mamdouh al Hazmi', 'Chitral', 'Casablanca', 'the Moroccan Sands Hotel', 'Moroccan Oasis Hotel', 'Abu Adil', 'Jamat Syeed', 'Moroccan Sands Hotel', 'NSA', 'AutoFleet', 'Santo Domingo', 'Ramses St.', 'the Canal Bank', 'the Peoples Bank', 'Peoples Bank', 'Pakistani Intelligence', 'the Caribbean Cargo Shipping Lines', 'Holland Orange Shipping Lines', 'Dutch Courage', 'Orange Queen', 'Orange Queen', 'Dutch Courage', 'CIA', 'CIA', 'Saratov', 'Moscow State University', 'Bugarov', 'CIA', 'the Freeport Star Hotel', 'FBI', 'DIA Report', 'Central Russia Airlines', 'Safrygin', 'the Center of Disease Control', 'CDC', 'CDC', 'FMD', 'CIA', 'Al Qaeda', 'S. H', 'Chitral', 'the Island Freight Lines', 'Nassau and Santo Domingo', 'the Seashore Hotel', 'the Holland Orange Shipping Lines', 'Central Russia Airlines', 'the ""Dutch Courage', 'Atmani', 'Holland Orange', 'Al Qaeda', 'CIA Report', 'the farm house', 'the Freeport Star Hotel', 'Apple St.']"
DIA_01,"['Abdul Ahmed Nasser', 'Baglan']","['Chechnya', 'Afghanistan', 'USA']","['October 1967', '3 February', '04', '1997', '1999']",['Taliban/Al Qaeda']
DIA_02,"['Kamal Abdullah', 'Abdullah', 'Abdullah', 'Ali Sittah', 'Talat Rushdi', 'Omar', 'Saeed Hasham']","['Asadabad', 'Afghanistan', 'Afghanistan', 'Pakistan', 'Pakistan', 'Chitral', 'Khost']","['1 February, 2004', '2000', 'December, 2003']","['Al Qaeda', 'Chitral', 'Al Qaeda', 'Al Qaeda']"
DIA_03,"['Khaled Jehani', 'Jehani', 'Abu Somad', 'Yazid Bafaba', 'Abdul al Nami']","['USA', 'USA', 'Jehani', 'USA', 'USA', 'Los Angeles', 'USA', 'Canada', 'Detroit']","['16 February, 2004', '1995', '1997']","['the University of Maryland', 'MA']"
DIA_docs.txt,"['Abdul Ahmed Nasser', 'Baglan', 'Kamal Abdullah', 'Abdullah', 'Abdullah', 'Ali Sittah', 'Talat Rushdi', 'Omar', 'Saeed Hasham', 'Khaled Jehani', 'Jehani', 'Abu Somad', 'Yazid Bafaba', 'Abdul al Nami']","['Chechnya', 'Afghanistan', 'USA', 'Asadabad', 'Afghanistan', 'Afghanistan', 'Pakistan', 'Pakistan', 'Chitral', 'Khost', 'USA', 'USA', 'Jehani', 'USA', 'USA', 'Los Angeles', 'USA', 'Canada', 'Detroit']","['October 1967', '3 February', '04', '1997', '1999', '1 February, 2004', '2000', 'December, 2003', '16 February, 2004', '1995', '1997']","['Taliban/Al Qaeda', 'Al Qaeda', 'Chitral', 'Al Qaeda', 'Al Qaeda', 'the University of Maryland', 'MA']"
FBI_01,"['Surete', 'Abdillah Zinedine', 'Abu Hafs', 'Surete', 'Mehdi Rafiki', 'Rue Durocher', 'Patrick', 'Mehdi Rafiki']","['Paris', 'Zinedine', 'Paris', 'Montreal', 'Canada', 'Montreal', 'Montreal', 'Montreal', 'Schiller Park', 'Buffalo', 'NY']","['2 April, 2003', '17 April', '1 April, 2003', '2 April, 2003', '2 April, 2003', '6 April, 2003']","['CIA', 'Mehdi Rafiki', 'Abu Hafs', 'the Canadauto Car Rental Agency', 'Walden Ave']"
FBI_02,"['Riyad Yasser', 'Yasser', 'Semtex', 'Omar Mahmoud Othman', 'Salafi', 'Yasser', 'Yasser']","['UK', 'London', 'London', 'Northumberland Circle', 'East Bedfont', 'London', 'Canada', 'USA', 'Nassau', 'Bahamas', 'Montreal', 'Miami Beach', 'Camden', 'Nassau', 'Bahamas']","['1 May, 2003', 'the past six years', '1712']","['the Heston Service Area', 'the Baker St. Mosque', 'St. Clare St.', 'FL', 'NJ', 'Apple St.']"
FBI_03,"['Abu Somad', 'Buckthorn St', 'Yazid Bafaba', 'Somad', 'Bafaba', 'Riduan Sungkar', 'Omar Evertts', 'Somad', 'Bafaba', 'Somad', 'Somad', 'Bafaba']","['Culver City', 'Bafaba', 'Culver City', 'Newark']","['29 June', '2003']","['CIA', 'Flaxton St.', 'the CalNational Bank', 'BMI', 'NJ']"
FBI_04,"['Abu Hafs', 'Mehdi Rafiki']","['Illinois', 'Chicago', 'Chicago', 'Houston', 'Texas']","['2211', '27 September, 2003', '2 October, 2003', '27 April']","['Drexel Car Rental Agency', 'Drexel', 'Central States Airline', 'Mehdi Rafiki']"
FBI_05,"['Rifai Qasim', 'Rifai Qasim', 'Omar Blakely', 'Omar Blakely', 'Muhammed Mustafa', 'Mustafa', 'Rifai Qasim']","['Charlotte', 'NC', 'Charlotte', 'Charlotte', 'Charlotte', 'Charlotte', 'NC', 'Dubai', 'UAE']","['1 October, 2003', '23 October, 2003', '3131']","['Hezbollah', 'Charlotte NC', 'BailOut', 'the Carolina First Bank', 'the First Emirate Bank', 'The Carolina First Bank', 'Blakely']"
FBI_06,"['Abdul Murad', 'Khalid S.', ""Jamal al Quso's""]","['London', 'Chicago', 'USA', 'Chicago', 'Chicago', 'Murad', 'Texas']","['1999', '16 May, 2003', 'July 18, 1999', '28 September, 2003', '2211', 'tomorrow']","['CIA', 'the Chicago FBI', 'a Jamal al Quso', 'Jamal al Quso', 'Islamic Jihad', 'Islamic Jihad', 'FBI', 'C-4', 'Semtex', 'Quso']"
FBI_07,"['Augustin Dominique', 'Abdal al Hawsawi', 'Abdul Ahmed Nasser', 'Hawsawi', 'Ferry St, Buffalo']","['Paris', 'Rue Cardinet', 'Paris', 'Toronto', 'Afghanistan', 'NY']","['1 November, 2003', '1712']","['RCMP', 'CDG', 'CSIS']"
FBI_08,"['Mousa Salah', 'London Heathrow', 'Shadi abu Hoshar', 'Salah', 'Salah', 'Salah', 'Mousa Salah', 'Virginia DOT', 'April Stevens', 'Ms Stevens', 'Salah', 'J. T.']","['Herndon', 'VA', 'Northern Virginia', 'USA', 'Windsor', 'Canada', 'Detroit', 'Virginia', 'Roanoke', 'VA', 'Detroit', 'Newark', 'Laurel']","['1 November, 2003', '2002', '10 August, 2001']","['Hamas', 'Roanoke', 'Salah']"
FBI_09,"['Khalid Shamrani', 'Shamrani', 'Shamrani', 'Shamrani', 'Shamrani']","['USA', 'Houston', 'Texas', 'Denton', 'Texas', 'Mineral Wells', 'Texas', 'Bellaire', 'Texas', 'Houston', 'Zioni', 'US', 'Houston', 'Chicago']","['April, 2000', '12 March, 2003', '16 June, 2003', 'the next year']","['Al Qaeda', 'the TexEast Petroleum Co. Shamrani', 'FBI', '3236 Pine St.', 'the Houston Ship Channel', 'the Galleria Shopping Mall', 'Aryan Militia']"
FBI_10,"['Ahmed Doha', 'Abu Ayyash', 'Ayyash', 'Doha', 'Ayyash']","['Columbia', 'MO', 'Doha', 'Ayyash', 'Doha', 'Doha', 'Doha', 'the Mid States', 'Doha', 'Mid States', 'Doha', 'Doha', 'Columbia', 'USA', 'Wali Shakur', 'Clifton', 'Columbia', 'MO', 'Doha']","['July, 2001', '10 October, 2003', '12 September, 2003', '1 November, 2003', '12th', '20 November, 2003', '3 November, 2003', 'today']","['the University of Missouri', 'Central Farmers Auto Insurance Co.', 'the Mid States Insurance Company', 'Central Farmers', 'Ayyash', ""Central Farmer's Insurance Company"", 'Central Farmers', 'the Columbia First State Bank', 'Dell', 'the Encyclopedia of Jihad', 'AOL', 'Paulson Ave', 'NJ', 'Hamas', 'Al Qaeda']"
FBI_11,"['J. T.', 'A. H.', 'Adnan Hijazi', 'Hijazi', 'M. M. One', 'Martha Mason', 'Mounir Mzoudi', 'Mzoudi', 'Mzoudi']","['Detroit', 'Newark', 'Laurel', 'MD', 'Detroit', 'Newark', 'Laurel', 'MD', 'Laurel', 'MD', 'Baltimore', 'North America', 'Baltimore']","['21 January, 2002', '1994', '2116 27th', 'June 20 to July 2, 2000']","['FBI', 'NJ', 'J.T.', 'FBI', 'FBI', 'Baltimore City College', 'FBI', 'ICNA', 'ICNA', 'Taliban']"
FBI_12,"['Walter Smith', 'Harrah']","['Kansas City', 'Missouri', 'Kansas City Area', 'Jamal al Quso', 'Chicago', 'Kansas City', 'Kansas City', 'the Isle of Capri Casino']","['2111', '22 December, 2003']","['Troost Ave', 'FBI', 'RDX', 'the Argosy Riverside Casino']"
FBI_13,"['Fielder Rd', 'Saeed al Nami', 'Riyad al Taifi', 'Ruth Tucker', 'A. Doman']","['Arlington', 'Texas', 'Arlington', 'Grand Prairie', 'Texas', 'Texas', 'USA', 'Mexico', 'Presidio', 'Texas', 'Mexico', 'Central America', 'Columbia', 'Dallas', 'Arlington', 'Columbia', 'MO']","['26 December, 2003 two', '2727', 'three months']","['the FirstTex Bank', 'the University of Texas']"
FBI_14,"['Clifton NJ', 'Shakur', 'Shakur', 'Ahmed Doha', 'Shakur', 'Shakur', 'Shakur', 'Shakur', 'Shakur', 'Shakur', 'Shakur']","['Wali Shakur', 'New Brunswick', 'Pakistan', 'Beirut', 'Lebanon', 'USA', 'Abu Ayyash', 'Doha', 'Doha']","['27 November, 2003', '1970', '1965', 'two years', '1990', '1993', '3 November, 2003', '2001', '2 January, 2004']","['FBI', 'Paulson Ave', 'NJ', 'Shakur attended', 'Rutgers University', 'the American University', 'the University of Missouri', 'Western Union', 'FBI']"
FBI_15,"['Jamal al Shibh', ""al Shibh's""]","['Miami', 'Florida', 'America', 'Miami', 'America', 'Miami', 'America', 'Miami']","['the past ten years', '2 February, 2004']","['the University of Miami', 'Coral Gables']"
FBI_16,['Adnan Hijazi'],"['Madrid', 'Spain', 'Cairo', 'Egypt', 'Paris', 'France']","['the last three months', '2003', 'December, 2003']",[]
FBI_17,"['Jamal al Shibh', 'Muhammed Dandani', 'Dandani']",['Miami Beach'],[],['the University of Miami']
FBI_18,['Abdul al Nami'],"['Detroit', 'Detroit', 'USA']","['5 March', 'seven years', 'ten years', '1969']","['DIA', 'FBI', 'Detroit Utilities Co.', 'the USA of Saudi']"
FBI_19,"['Saeed al Nami', 'Riyad al Taifi', 'Stockton', 'Aryan Militia', 'Billy Jack Hawkins', 'Slade Goodman']","['Arlington', 'Texas', 'Buenos Aires', 'Argentina', 'Buenos Aires', 'Buenos Aires', 'Calamar', 'Columbia', 'USA', 'USA', 'Calamar', 'Cartagena', 'Columbia', 'Guane', 'Cuba', 'Guane', 'Cuba', 'Chetumal', 'Mexico', 'Mexico City', 'Ojinaga', 'Presidio', 'Texas', 'Ojinaga', 'Texas', 'U.S.', 'San Antonio', 'Dallas', 'Grand Prairie', 'Texas', 'Texas', 'Euless', 'Texas', 'Houston', 'Texas']","['26 December, 2003', '2 January, 2004', 'January of 2001', 'April of 2002', 'May, 2002', 'January, 2003', '2727', '1212']",['FBI']
FBI_20,"['Abdul al Nami', 'al Nami']","['USA', 'Saudi Arabia', 'Ann Arbor', 'U.S.', 'Detroit', 'Riyadh']","['8, March', '2004', '1994', 'MA 1996', '1997', '1999', 'April of 2000', ""six-months'"", 'January, 2001']","['the Detroit Utilities Co.', 'FBI', 'the University of Michigan', 'the Detroit Utilities Co.', 'the Detroit Utilities Co']"
FBI_21,"['Imad Dahdah', 'Baker']","['Nassau', 'Bahamas', 'Dahdah', 'Syria', 'UK', 'Afghanistan', 'UK', 'Bahamas', 'Tampa', 'Middle Eastern Charities']","['1964', '1994', '1998', '1999 - 2000', 'March of 2000', 'June of 2000']","['Al Qaeda', 'the Gulf Shores Bank']"
FBI_22,"['Raeed Beandali', 'Beandali', 'Reginald Cooper', 'Cooper', 'Mum', 'Ralph Bean', 'Reginald Cooper', 'Mahmud al-Dahab', 'Ralph Bean', 'al Dahab', 'a Ralph Bean', 'Heathrow']","['Afghanistan', 'London', 'London', 'London', 'London', 'London']","['15 Feb. 2003', '12 December, 2002', '10 February, 2004', 'about 15 years', '16 March, 2004']","['Al Qaeda', 'CIA', 'Hackney', 'Detroit MI']"
FBI_23,"['Rifai Qasim', 'Omar', 'Qasim', 'Muhammed Mustafa', 'Abdul al Nami', 'Hayes Ave', 'Hayes Ave', 'Howard Clark', 'Clark']","['NC', 'River Rouge Park', 'Detroit', 'Detroit', 'Detroit', 'Detroit']","['25 October,', '2003', 'four weeks', '23 October, 2003', '1997', '1997', '15 December, 2003', 'March, 2004', '15 May, 2004', '20 May, 2004', 'just a few days earlier', 'two months']","['BailOut', 'Charlotte NC', 'FBI', 'Qasim/', 'FBI', 'the Carolina First Bank', 'Toyota', 'Toyota', 'FBI', 'DIA', 'Neighbors']"
FBI_24,['Adnan Hijazi'],"['Madrid', 'Cairo', 'Cairo', 'Cairo', 'Paris', 'France', 'Paris']","['December, 2003', 'three-day', 'December, 2003', 'January, 2004', 'daily']","['Ramses St.', 'Overseas Exports Inc']"
FBI_25,"['Khalid Shamrani', 'Billy Jack Hawkins', 'Slade Goodman', 'Shamrani', 'Walter Smith', 'al Quso']","['Texas', 'Middle Easterner', 'Houston', 'Houston', 'Kansas City']","['20 November, 2003', 'at least several months']","['FBI', 'FBI', 'GAM', 'the Westerner Motel']"
FBI_26,"['Abdul Nasser', 'Ali al-Omari']",['Carrizo Springs'],"['3 August, 2004', '11 August, 2004']","['FBI', 'TX']"
FBI_27,"['Adnan Hijazi', 'Hijazi']",['Newark'],"['the period 20 August to 18 September, 2004']","['the Jersey National Bank', 'NJ']"
FBI_28,"['Pieter Dopple', 'Hoveniersstraat', 'Adnan Hijazi', 'Hijazi', 'Ramundo Ortiz', 'Ortiz']","['Antwerp', 'Belgium', 'Africa', 'Panama City', 'Panama', 'Peshawar', 'Pakistan']","['1 September', '12 July, 2004', '25 September']","['FBI', 'USCBP', 'Dopple', 'Dopple', 'Dopple', 'Dopple']"
FBI_29,[],"['SCADA', 'U.S.', 'SCADA', 'SCADA', 'SCADA']",[],"['Supervisory Control', 'Data Acquisition']"
FBI_30,['Adnan Hijazi'],"['Reston', 'VA']","['14 September, 2004', '1721']",['the American Islamic Scholarship Fund']
FBI_31,"['Satam', 'Ronald] Derwish', 'Abdul al Nami', 'Rifai Qasim', 'Raeed Beandali', 'Ralph', ""al Nami's"", 'al Nami']","['Detroit', 'Windsor', 'Ontario', 'Detroit', 'Canada']","['11 October, 2004', 'week', '20 October, 2004']","['FBI', 'RCMP', 'Detroit Utilities Co.', 'Detroit Utilities']"
FBI_32,"['Khalid Shamrani', 'Shamrani', 'Shamrani', 'Shamrani', 'Shamrani']","['Bellaire', 'Texas', 'Saudi Arabia', 'USA']","['nearly a month', '18 September, 2004', 'month', 'the past month']","['Aryan Militia', 'TexEast Petroleum Co.']"
FBI_33,[],"['Bellaire', 'Texas', 'Houston']","['3236', '4618', '15 October, 2004', 'the next day']","['Pine St.', 'StoreAll', 'C-4 and Semtex', 'StoreAll Rental', 'RentAll']"
FBI_34,"['Ronald] Derwish', 'Abdul', 'Abdul al Nami', 'Abdul', 'Ali']","['Satam', 'Windsor', 'Ontario', 'Windsor', 'Windsor', 'Marrakech', 'Morocco', 'Detroit', 'Detroit']","['25 October', '1 July, 2003', '5 March', '2004', '18 July, 2004']","['RCMP', 'Derwish', 'Canada Eastern Airlines', 'RCMP', 'DIA', 'Derwish', 'Derwish']"
FBI_35,"['Abdul Karim', 'Adnan Hijazi', 'Hijazi', 'Wali Shakur', 'CLifton', 'Hamza al Midhar', 'Pitkin Ave', 'Mounir Mzoudi', 'Mamoun Zammar', 'Charles Ave', 'Said Khadr', 'Broward Blvd', 'Muhammed Dandani', 'Hijazi', 'Karim', 'Hijazi']","['Reston VA', 'Karim', 'Karim', 'Karim', 'Karim', 'Hijazi', 'Karim', 'Brooklyn', 'NY', 'St. Laurel', 'MD', 'Potomac', 'MD', 'Fort Lauderdale', 'St.', 'Miami Beach', 'Karim']","['29 October, 2004', '1721', '1991', '14 September, 2004', '1641', '2116', '1621', '6132', '17 September, 2004', '1999', '2001']","['the American Islamic Scholarship Fund', 'Fund', 'Karim', 'Paulson Ave', 'NJ', 'FL', 'FL']"
FBI_36,"['Abdul al Nami', 'al Nami', 'Satam', 'Ronald] Derwish', 'al Nami', 'Khaled Jehani', 'al Nami', 'al Nami', 'al Nami', 'al Nami', 'al Nami']","['Detroit', 'Detroit', 'Windsor, Ontario', 'Detroit', 'Marrakech', 'Morocco']","['27 October, 2004', '5 March', '2004']","['DIA', 'Detroit Utilities Co.']"
FBI_37,['Ramon'],"['Houston', 'Texas', 'Victoria', 'Cartagena', 'Columbia', 'Guane', 'Cuba', 'Chetumal', 'Mexico', 'Mexico', 'Victoria']","['1 December, 2004']","['Gulfgate', 'TX', 'FARC', 'TX']"
FBI_38,"['Juan', 'Ciudad Madero', 'Ciudad Acuna']","['Houston', 'USA', 'Cartagena', 'Columbia', 'Guane', 'Cuba', 'Mexico', 'Mexico', 'Victoria']","['3 December, 2004']","['Farmers Branch', 'TX', 'TX', 'FMD', 'FARC']"
FBI_39,[],"['US', 'Plum Island', 'Long Island', 'Plum Island', 'Plum Island', 'Plum Island']","['6 December, 2004', '1 December, 2004']",[]
FBI_40,"['Said Khadr', 'Muhammed Dandani', 'Khadr', 'Dandani']","['Middle Eastern', 'Miami', 'Nassau', 'Bahamas', 'Nassau', 'Miami', 'Miami', 'Nassau', 'Nassau', 'Miami', 'U.S.']","['29 November, 2004', 'just a month', '15 November, 2004', '21 November, 2004', '13 December, 2004', '19 December, 2004', '20 September, 2004']",['the Majestic Lines']
FBI_41,"['Wali Shakur', 'Hamza al Midhar', 'Mounir Mzoudi', 'Mamoun Zammar', 'Baltimore']","['New York City', 'Baltimore', 'MD', 'NYC', 'NYC', 'Nassau', 'NYC', 'Nassau', 'NYC', 'Nassau', 'Baltimore', 'Baltimore', 'Baltimore']","['13 December, 2004', '20 September, 2004', '14 November, 2004', '21 November, 2004', '12 December, 2004', '19 December, 2004', '18 December, 2004', '21 September, 2004', '7 November, 2004', '14 November, 2004', '12 December, 2004', '19 December, 2004', '17 December, 2004']","['FBI', 'the Royal Norwegian Lines', 'the Sea Aire Lines', 'Royal Norwegian Lines']"
FBI_docs.txt,"['Surete', 'Abdillah Zinedine', 'Abu Hafs', 'Surete', 'Mehdi Rafiki', 'Rue Durocher', 'Patrick', 'Mehdi Rafiki', 'Riyad Yasser', 'Yasser', 'Semtex', 'Omar Mahmoud Othman', 'Salafi', 'Yasser', 'Yasser', 'Abu Somad', 'Buckthorn St', 'Yazid Bafaba', 'Somad', 'Bafaba', 'Riduan Sungkar', 'Omar Evertts', 'Somad', 'Bafaba', 'Somad', 'Somad', 'Bafaba', 'Abu Hafs', 'Mehdi Rafiki', 'Rifai Qasim', 'Rifai Qasim', 'Omar Blakely', 'Omar Blakely', 'Muhammed Mustafa', 'Mustafa', 'Rifai Qasim', 'Abdul Murad', 'Khalid S.', ""Jamal al Quso's"", 'Augustin Dominique', 'Abdal al Hawsawi', 'Abdul Ahmed Nasser', 'Hawsawi', 'Ferry St, Buffalo', 'Mousa Salah', 'London Heathrow', 'Shadi abu Hoshar', 'Salah', 'Salah', 'Salah', 'Mousa Salah', 'Virginia DOT', 'April Stevens', 'Ms Stevens', 'Salah', 'J. T.', 'Khalid Shamrani', 'Shamrani', 'Shamrani', 'Shamrani', 'Shamrani', 'Ahmed Doha', 'Abu Ayyash', 'Ayyash', 'Doha', 'Ayyash', 'J. T.', 'A. H.', 'Adnan Hijazi', 'Hijazi', 'M. M. One', 'Martha Mason', 'Mounir Mzoudi', 'Mzoudi', 'Mzoudi', 'Walter Smith', 'Harrah', 'Fielder Rd', 'Saeed al Nami', 'Riyad al Taifi', 'Ruth Tucker', 'A. Doman', 'Clifton NJ', 'Shakur', 'Shakur', 'Ahmed Doha', 'Shakur', 'Shakur', 'Shakur', 'Shakur', 'Shakur', 'Shakur', 'Shakur', 'al Shibh', ""al Shibh's"", 'Adnan Hijazi', 'Jamal al Shibh', 'Muhammed Dandani', 'Dandani', 'Abdul al Nami', 'Saeed al Nami', 'Riyad al Taifi', 'Stockton', 'Aryan Militia', 'Billy Jack Hawkins', 'Slade Goodman', 'Abdul al Nami', 'al Nami', 'Imad Dahdah', 'Baker', 'Raeed Beandali', 'Beandali', 'Reginald Cooper', 'Cooper', 'Mum', 'Ralph Bean', 'Reginald Cooper', 'Mahmud al-Dahab', 'Ralph Bean', 'al Dahab', 'a Ralph Bean', 'Heathrow', 'Rifai Qasim', 'Omar', 'Qasim', 'Muhammed Mustafa', 'Abdul al Nami', 'Hayes Ave', 'Hayes Ave', 'Howard Clark', 'Clark', 'Adnan Hijazi', 'Khalid Shamrani', 'Billy Jack Hawkins', 'Slade Goodman', 'Shamrani', 'Walter Smith', 'al Quso', 'Abdul Nasser', 'Ali al-Omari', 'Adnan Hijazi', 'Hijazi', 'Pieter Dopple', 'Hoveniersstraat', 'Adnan Hijazi', 'Hijazi', 'Ramundo Ortiz', 'Ortiz', 'Adnan Hijazi', 'Satam', 'Ronald] Derwish', 'Abdul al Nami', 'Rifai Qasim', 'Raeed Beandali', 'Ralph', ""al Nami's"", 'al Nami', 'Khalid Shamrani', 'Shamrani', 'Shamrani', 'Shamrani', 'Shamrani', 'Ronald] Derwish', 'Abdul', 'Abdul al Nami', 'Abdul', 'Ali', 'Abdul Karim', 'Adnan Hijazi', 'Hijazi', 'Wali Shakur', 'CLifton', 'Hamza al Midhar', 'Pitkin Ave', 'Mounir Mzoudi', 'Mamoun Zammar', 'Charles Ave', 'Said Khadr', 'Broward Blvd', 'Muhammed Dandani', 'Hijazi', 'Karim', 'Hijazi', 'Abdul al Nami', 'al Nami', 'Satam', 'Ronald] Derwish', 'al Nami', 'Khaled Jehani', 'al Nami', 'al Nami', 'al Nami', 'al Nami', 'al Nami', 'Ramon', 'Juan', 'Ciudad Madero', 'Ciudad Acuna', 'Said Khadr', 'Muhammed Dandani', 'Khadr', 'Dandani', 'Wali Shakur', 'Hamza al Midhar', 'Mounir Mzoudi', 'Mamoun Zammar', 'Baltimore']","['Paris', 'Zinedine', 'Paris', 'Montreal', 'Canada', 'Montreal', 'Montreal', 'Montreal', 'Schiller Park', 'Buffalo', 'NY', 'UK', 'London', 'London', 'Northumberland Circle', 'East Bedfont', 'London', 'Canada', 'USA', 'Nassau', 'Bahamas', 'Montreal', 'Miami Beach', 'Camden', 'Nassau', 'Bahamas', 'Culver City', 'Bafaba', 'Culver City', 'Newark', 'Illinois', 'Chicago', 'Chicago', 'Houston', 'Texas', 'Charlotte', 'NC', 'Charlotte', 'Charlotte', 'Charlotte', 'Charlotte', 'NC', 'Dubai', 'UAE', 'London', 'Chicago', 'USA', 'Chicago', 'Chicago', 'Murad', 'Texas', 'Paris', 'Rue Cardinet', 'Paris', 'Toronto', 'Afghanistan', 'NY', 'Herndon', 'VA', 'Northern Virginia', 'USA', 'Windsor', 'Canada', 'Detroit', 'Virginia', 'Roanoke', 'VA', 'Detroit', 'Newark', 'Laurel', 'USA', 'Houston', 'Texas', 'Denton', 'Texas', 'Mineral Wells', 'Texas', 'Bellaire', 'Texas', 'Houston', 'Zioni', 'US', 'Houston', 'Chicago', 'Columbia', 'MO', 'Doha', 'Ayyash', 'Doha', 'Doha', 'Doha', 'the Mid States', 'Doha', 'Mid States', 'Doha', 'Doha', 'Columbia', 'USA', 'Wali Shakur', 'Clifton', 'Columbia', 'MO', 'Doha', 'Detroit', 'Newark', 'Laurel', 'MD', 'Detroit', 'Newark', 'Laurel', 'MD', 'Laurel', 'MD', 'Baltimore', 'North America', 'Baltimore', 'Kansas City', 'Missouri', 'Kansas City Area', 'Jamal al Quso', 'Chicago', 'Kansas City', 'Kansas City', 'the Isle of Capri Casino', 'Arlington', 'Texas', 'Arlington', 'Grand Prairie', 'Texas', 'Texas', 'USA', 'Mexico', 'Presidio', 'Texas', 'Mexico', 'Central America', 'Columbia', 'Dallas', 'Arlington', 'Columbia', 'MO', 'Wali Shakur', 'New Brunswick', 'Pakistan', 'Beirut', 'Lebanon', 'USA', 'Abu Ayyash', 'Doha', 'Doha', 'Miami', 'Florida', 'America', 'Miami', 'America', 'Miami', 'America', 'Miami', 'Madrid', 'Spain', 'Cairo', 'Egypt', 'Paris', 'France', 'Miami Beach', 'Detroit', 'Detroit', 'USA', 'Arlington', 'Texas', 'Buenos Aires', 'Argentina', 'Buenos Aires', 'Buenos Aires', 'Calamar', 'Columbia', 'USA', 'USA', 'Calamar', 'Cartagena', 'Columbia', 'Guane', 'Cuba', 'Guane', 'Cuba', 'Chetumal', 'Mexico', 'Mexico City', 'Ojinaga', 'Presidio', 'Texas', 'Ojinaga', 'Texas', 'U.S.', 'San Antonio', 'Dallas', 'Grand Prairie', 'Texas', 'Texas', 'Euless', 'Texas', 'Houston', 'Texas', 'USA', 'Saudi Arabia', 'Ann Arbor', 'U.S.', 'Detroit', 'Riyadh', 'Nassau', 'Bahamas', 'Dahdah', 'Syria', 'UK', 'Afghanistan', 'UK', 'Bahamas', 'Tampa', 'Middle Eastern Charities', 'Afghanistan', 'London', 'London', 'London', 'London', 'London', 'NC', 'River Rouge Park', 'Detroit', 'Detroit', 'Detroit', 'Detroit', 'Madrid', 'Cairo', 'Cairo', 'Cairo', 'Paris', 'France', 'Paris', 'Texas', 'Middle Easterner', 'Houston', 'Houston', 'Kansas City', 'Carrizo Springs', 'Newark', 'Antwerp', 'Belgium', 'Africa', 'Panama City', 'Panama', 'Peshawar', 'Pakistan', 'SCADA', 'U.S.', 'SCADA', 'SCADA', 'SCADA', 'Reston', 'VA', 'Detroit', 'Windsor', 'Ontario', 'Detroit', 'Canada', 'Bellaire', 'Texas', 'Saudi Arabia', 'USA', 'Bellaire', 'Texas', 'Houston', 'Satam', 'Windsor', 'Ontario', 'Windsor', 'Windsor', 'Marrakech', 'Morocco', 'Detroit', 'Detroit', 'Reston VA', 'Karim', 'Karim', 'Karim', 'Karim', 'Hijazi', 'Karim', 'Brooklyn', 'NY', 'St. Laurel', 'MD', 'Potomac', 'MD', 'Fort Lauderdale', 'St.', 'Miami Beach', 'Karim', 'Detroit', 'Detroit', 'Windsor, Ontario', 'Detroit', 'Marrakech', 'Morocco', 'Houston', 'Texas', 'Victoria', 'Cartagena', 'Columbia', 'Guane', 'Cuba', 'Chetumal', 'Mexico', 'Mexico', 'Victoria', 'Houston', 'USA', 'Cartagena', 'Columbia', 'Guane', 'Cuba', 'Mexico', 'Mexico', 'Victoria', 'US', 'Plum Island', 'Long Island', 'Plum Island', 'Plum Island', 'Plum Island', 'Middle Eastern', 'Miami', 'Nassau', 'Bahamas', 'Nassau', 'Miami', 'Miami', 'Nassau', 'Nassau', 'Miami', 'U.S.', 'New York City', 'Baltimore', 'MD', 'NYC', 'NYC', 'Nassau', 'NYC', 'Nassau', 'NYC', 'Nassau', 'Baltimore', 'Baltimore', 'Baltimore']","['2 April, 2003', '17 April', '1 April, 2003', '2 April, 2003', '2 April, 2003', '6 April, 2003', '1 May, 2003', 'the past six years', '1712', '29 June', '2003', '2211', '27 September, 2003', '2 October, 2003', '27 April', '1 October, 2003', '23 October, 2003', '3131', '1999', '16 May, 2003', 'July 18, 1999', '28 September, 2003', '2211', 'tomorrow', '1 November, 2003', '1712', '1 November, 2003', '2002', '10 August, 2001', 'April, 2000', '12 March, 2003', '16 June, 2003', 'the next year', 'July, 2001', '10 October, 2003', '12 September, 2003', '1 November, 2003', '12th', '20 November, 2003', '3 November, 2003', 'today', '21 January, 2002', '1994', '2116 27th', 'June 20 to July 2, 2000', '2111', '22 December, 2003', '26 December, 2003 two', '2727', 'three months', '27 November, 2003', '1970', '1965', 'two years', '1990', '1993', '3 November, 2003', '2001', '2 January, 2004', 'the past ten years', '2 February, 2004', 'the last three months', '2003', 'December, 2003', '5 March', 'seven years', 'ten years', '1969', '26 December, 2003', '2 January, 2004', 'January of 2001', 'April of 2002', 'May, 2002', 'January, 2003', '2727', '1212', '8, March', '2004', '1994', 'MA 1996', '1997', '1999', 'April of 2000', ""six-months'"", 'January, 2001', '1964', '1994', '1998', '1999 - 2000', 'March of 2000', 'June of 2000', '15 Feb. 2003', '12 December, 2002', '10 February, 2004', 'about 15 years', '16 March, 2004', '25 October,', '2003', 'four weeks', '23 October, 2003', '1997', '1997', '15 December, 2003', 'March, 2004', '15 May, 2004', '20 May, 2004', 'just a few days earlier', 'two months', 'December, 2003', 'three-day', 'December, 2003', 'January, 2004', 'daily', '20 November, 2003', 'at least several months', '3 August, 2004', '11 August, 2004', 'the period 20 August to 18 September, 2004', '1 September', '12 July, 2004', '25 September', '14 September, 2004', '1721', '11 October, 2004', 'week', '20 October, 2004', 'nearly a month', '18 September, 2004', 'month', 'the past month', '3236', '4618', '15 October, 2004', 'the next day', '25 October', '1 July, 2003', '5 March', '2004', '18 July, 2004', '29 October, 2004', '1721', '1991', '14 September, 2004', '1641', '2116', '1621', '6132', '17 September, 2004', '1999', '2001', '27 October, 2004', '5 March', '2004', '1 December, 2004', '3 December, 2004', '6 December, 2004', '1 December, 2004', '29 November, 2004', 'just a month', '15 November, 2004', '21 November, 2004', '13 December, 2004', '19 December, 2004', '20 September, 2004', '13 December, 2004', '20 September, 2004', '14 November, 2004', '21 November, 2004', '12 December, 2004', '19 December, 2004', '18 December, 2004', '21 September, 2004', '7 November, 2004', '14 November, 2004', '12 December, 2004', '19 December, 2004', '17 December, 2004']","['CIA', 'Mehdi Rafiki', 'Abu Hafs', 'the Canadauto Car Rental Agency', 'Walden Ave', 'the Heston Service Area', 'the Baker St. Mosque', 'St. Clare St.', 'FL', 'NJ', 'Apple St.', 'CIA', 'Flaxton St.', 'the CalNational Bank', 'BMI', 'NJ', 'Drexel Car Rental Agency', 'Drexel', 'Central States Airline', 'Mehdi Rafiki', 'Hezbollah', 'Charlotte NC', 'BailOut', 'the Carolina First Bank', 'the First Emirate Bank', 'The Carolina First Bank', 'Blakely', 'CIA', 'the Chicago FBI', 'a Jamal al Quso', 'Jamal al Quso', 'Islamic Jihad', 'Islamic Jihad', 'FBI', 'C-4', 'Semtex', 'Quso', 'RCMP', 'CDG', 'CSIS', 'Hamas', 'Roanoke', 'Salah', 'Al Qaeda', 'the TexEast Petroleum Co. Shamrani', 'FBI', '3236 Pine St.', 'the Houston Ship Channel', 'the Galleria Shopping Mall', 'Aryan Militia', 'the University of Missouri', 'Central Farmers Auto Insurance Co.', 'the Mid States Insurance Company', 'Central Farmers', 'Ayyash', ""Central Farmer's Insurance Company"", 'Central Farmers', 'the Columbia First State Bank', 'Dell', 'the Encyclopedia of Jihad', 'AOL', 'Paulson Ave', 'NJ', 'Hamas', 'Al Qaeda', 'FBI', 'NJ', 'J.T.', 'FBI', 'FBI', 'Baltimore City College', 'FBI', 'ICNA', 'ICNA', 'Taliban', 'Troost Ave', 'FBI', 'RDX', 'the Argosy Riverside Casino', 'the FirstTex Bank', 'the University of Texas', 'FBI', 'Paulson Ave', 'NJ', 'Shakur attended', 'Rutgers University', 'the American University', 'the University of Missouri', 'Western Union', 'FBI', 'the University of Miami', 'Coral Gables', 'the University of Miami', 'DIA', 'FBI', 'Detroit Utilities Co.', 'the USA of Saudi', 'FBI', 'the Detroit Utilities Co.', 'FBI', 'the University of Michigan', 'the Detroit Utilities Co.', 'the Detroit Utilities Co', 'Al Qaeda', 'the Gulf Shores Bank', 'Al Qaeda', 'CIA', 'Hackney', 'Detroit MI', 'BailOut', 'Charlotte NC', 'FBI', 'Qasim/', 'FBI', 'the Carolina First Bank', 'Toyota', 'Toyota', 'FBI', 'DIA', 'Neighbors', 'Ramses St.', 'Overseas Exports Inc', 'FBI', 'FBI', 'GAM', 'the Westerner Motel', 'FBI', 'TX', 'the Jersey National Bank', 'NJ', 'FBI', 'USCBP', 'Dopple', 'Dopple', 'Dopple', 'Dopple', 'Supervisory Control', 'Data Acquisition', 'the American Islamic Scholarship Fund', 'FBI', 'RCMP', 'Detroit Utilities Co.', 'Detroit Utilities', 'Aryan Militia', 'TexEast Petroleum Co.', 'Pine St.', 'StoreAll', 'C-4 and Semtex', 'StoreAll Rental', 'RentAll', 'Derwish', 'Canada Eastern Airlines', 'RCMP', 'DIA', 'Derwish', 'Derwish', 'the American Islamic Scholarship Fund', 'Fund', 'Karim', 'Paulson Ave', 'NJ', 'FL', 'FL', 'DIA', 'Detroit Utilities Co.', 'Gulfgate', 'TX', 'FARC', 'TX', 'Farmers Branch', 'TX', 'TX', 'FMD', 'FARC', 'the Majestic Lines', 'FBI', 'the Royal Norwegian Lines', 'the Sea Aire Lines', 'Royal Norwegian Lines']"
NSA_01,"['Bush', 'Rue Duhesme']","['Arabic', 'London', 'Paris', 'London', 'Paris', 'Texas']","['28 March', '2003']",[]
NSA_02,['Grootslagstraat'],"['Amsterdam', 'Montreal', 'Canada', 'Amsterdam', 'Amsterdam', 'Montreal', 'Chicago']","['25 April, 2003', '2211']",[]
NSA_03,[],"['Paris', 'Ojinaga', 'Mexico', 'Paris', 'Ojinaga']",[],['Rue De Civry']
NSA_04,['Abdul'],"['Marrakech', 'Morocco', 'Windsor, Ontario', 'Canada']","['15 July', '1 August, 2003']","['AOL', 'rder3']"
NSA_05,['Bugarov'],"['Moscow', 'Chitral', 'Pakistan', 'Casablanca']","['3 September, 2003', '22 October']",['the Central Russian Airlines']
NSA_06,"['Omar Hanif', 'Muslih Odeh']","['Nassau', 'Freeport', 'Bahamas', 'Nassau', 'Nassau', 'Karachi']","['5 September, 2003', '1789', 'last March']",['Apple St.']
NSA_07,[],"['Karachi', 'Pakistan', 'Panama City', 'Panama', 'Karachi', 'Panama City']",[],[]
NSA_08,[],"['Chitral', 'Pakistan', 'Casablanca', 'Morocco', 'Casablanca', 'Casablanca']","['25 September', 'the 20th', 'a few days', 'the 20th']",['the Holland Orange Shipping Lines']
NSA_09,[],"['Casablanca', 'Morocco', 'Domingo', 'Dominican Republic', 'Casablanca']","['23 October, 2003', '65']",['the Holland Orange Shipping Lines']
NSA_10,[],"['Paris', 'France', 'Windsor, Ontario', 'Canada', 'Paris', 'Windsor', 'Buffalo']","['15 December, 2003', 'the 28th']",[]
NSA_11,"['Boris Bugarov', 'Morales', 'Escalante']","['Chitral', 'Pakistan', 'Havana', 'Cuba', 'Havana']",['the end of the month'],['Plasencia St.']
NSA_12,"['Ojinaga', 'Jose', 'Carlos']","['Calamar', 'Columbia', 'Ojinaga', 'Mexico', 'Calamar']",['May first'],['the Los Palmas Hotel']
NSA_13,['Ciudad Madero'],"['Bogota', 'Columbia', 'Tampico', 'Mexico', 'Bogota', 'Tampico', 'Ojinaga']",[],"['the Los Andes Hotel', 'La Mirada St.']"
NSA_14,[],"['Moscow', 'Chitral', 'Pakistan']","['5 September, 2004']",['Central Russia Airlines']
NSA_15,[],"['Tehran', 'Iran', 'Tampico', 'Mexico', 'Tehran', 'Tampico']","['12 September, 2004']","['the Cultural Ministry', 'La Mirada St.', 'Pharsi']"
NSA_16,"['Jose Escalante', 'San Martin', 'Carlos Morales', 'Carlos', 'Arze', 'Sufaat']","['Havana', 'Cuba', 'Domingo', 'Dominican Republic', 'Havana', 'Havana', 'Columbia']","['28 September, 2004', 'November 21st', 'November 21st']",['Desague St.']
NSA_17,"['Rinaldo', 'Carlos', 'Cuidad Acuna']","['Bogota', 'Columbia', 'Tampico', 'Mexico', 'Bogota', 'Tampico']",['the tenth of this month'],"['the Los Andes Hotel', 'La Mirada St.']"
NSA_18,['Morales'],"['Chitral', 'Pakistan', 'Havana', 'Cuba', 'Havana']",['November 21st'],['Plasencia St.']
NSA_19,"['Riyad Said', 'Jose Ramirez']","['Bogota', 'Columbia', 'Tampico', 'Mexico', 'Bogota', 'Tampico']","['15 November, 2004', 'a few weeks ago', 'two days ago']","['the Los Andes Hotel', 'La Mirada St.']"
NSA_20,[],"['Chitral', 'Pakistan', 'Havana', 'Cuba', 'Nassau', 'Bahamas']","['21 NOvember, 2004']",['the Seashore Hotel']
NSA_21,"['Cuidad Acuna', 'Ciudad Acuna']","['Bogota', 'Columbia', 'Mexico', 'Bogota']","['28 November, 2004']",['the Los Andes Hotel']
NSA_22,['Boris'],"['Havana', 'Cuba', 'Moscow', 'Russia', 'Havana', 'Moscow', 'Casablanca', 'the Middle East', 'Iraq']","['28 November, 2004', 'January', 'January']","['Cuban Government', 'Central Russia Airlines']"
NSA_docs.txt,"['Bush', 'Rue Duhesme', 'Grootslagstraat', 'Abdul', 'Bugarov', 'Omar Hanif', 'Muslih Odeh', 'Boris Bugarov', 'Morales', 'Escalante', 'Ojinaga', 'Jose', 'Carlos', 'Ciudad Madero', 'Jose Escalante', 'San Martin', 'Carlos Morales', 'Carlos', 'Arze', 'Sufaat', 'Rinaldo', 'Carlos', 'Cuidad Acuna', 'Morales', 'Riyad Said', 'Jose Ramirez', 'Cuidad Acuna', 'Ciudad Acuna', 'Boris']","['Arabic', 'London', 'Paris', 'London', 'Paris', 'Texas', 'Amsterdam', 'Montreal', 'Canada', 'Amsterdam', 'Amsterdam', 'Montreal', 'Chicago', 'Paris', 'Ojinaga', 'Mexico', 'Paris', 'Ojinaga', 'Marrakech', 'Morocco', 'Windsor, Ontario', 'Canada', 'Moscow', 'Chitral', 'Pakistan', 'Casablanca', 'Nassau', 'Freeport', 'Bahamas', 'Nassau', 'Nassau', 'Karachi', 'Karachi', 'Pakistan', 'Panama City', 'Panama', 'Karachi', 'Panama City', 'Chitral', 'Pakistan', 'Casablanca', 'Morocco', 'Casablanca', 'Casablanca', 'Casablanca', 'Morocco', 'Domingo', 'Dominican Republic', 'Casablanca', 'Paris', 'France', 'Windsor, Ontario', 'Canada', 'Paris', 'Windsor', 'Buffalo', 'Chitral', 'Pakistan', 'Havana', 'Cuba', 'Havana', 'Calamar', 'Columbia', 'Ojinaga', 'Mexico', 'Calamar', 'Bogota', 'Columbia', 'Tampico', 'Mexico', 'Bogota', 'Tampico', 'Ojinaga', 'Moscow', 'Chitral', 'Pakistan', 'Tehran', 'Iran', 'Tampico', 'Mexico', 'Tehran', 'Tampico', 'Havana', 'Cuba', 'Domingo', 'Dominican Republic', 'Havana', 'Havana', 'Columbia', 'Bogota', 'Columbia', 'Tampico', 'Mexico', 'Bogota', 'Tampico', 'Chitral', 'Pakistan', 'Havana', 'Cuba', 'Havana', 'Bogota', 'Columbia', 'Tampico', 'Mexico', 'Bogota', 'Tampico', 'Chitral', 'Pakistan', 'Havana', 'Cuba', 'Nassau', 'Bahamas', 'Bogota', 'Columbia', 'Mexico', 'Bogota', 'Havana', 'Cuba', 'Moscow', 'Russia', 'Havana', 'Moscow', 'Casablanca', 'the Middle East', 'Iraq']","['28 March', '2003', '25 April, 2003', '2211', '15 July', '1 August, 2003', '3 September, 2003', '22 October', '5 September, 2003', '1789', 'last March', '25 September', 'the 20th', 'a few days', 'the 20th', '23 October, 2003', '65', '15 December, 2003', 'the 28th', 'the end of the month', 'May first', '5 September, 2004', '12 September, 2004', '28 September, 2004', 'November 21st', 'November 21st', 'the tenth of this month', 'November 21st', '15 November, 2004', 'a few weeks ago', 'two days ago', '21 NOvember, 2004', '28 November, 2004', '28 November, 2004', 'January', 'January']","['Rue De Civry', 'AOL', 'rder3', 'the Central Russian Airlines', 'Apple St.', 'the Holland Orange Shipping Lines', 'the Holland Orange Shipping Lines', 'Plasencia St.', 'the Los Palmas Hotel', 'the Los Andes Hotel', 'La Mirada St.', 'Central Russia Airlines', 'the Cultural Ministry', 'La Mirada St.', 'Pharsi', 'Desague St.', 'the Los Andes Hotel', 'La Mirada St.', 'Plasencia St.', 'the Los Andes Hotel', 'La Mirada St.', 'the Seashore Hotel', 'the Los Andes Hotel', 'Cuban Government', 'Central Russia Airlines']"
USCBP_01,['Mike Sanders'],"['Carrizo Springs', 'Texas', 'Texas', 'Uvalde', 'Laredo', 'Uvalde']","['3 August, 2004 two', '2 August, 2004', '2233']","['the Longhorn Motel', 'TX', 'TX', 'USCBP', 'TX', 'USCPB', 'Piedras Negras']"
USCBP_02,"['Pieter Dopple', 'A. Hijazi']","['Antwerp', 'Belgium', 'Newark']",['1212'],"['Hoveniersstraat', 'NJ', 'FBI', 'HIjazi', 'HIjazi', 'FBI', 'USPS']"
USCBP_docs.txt,"['Mike Sanders', 'Pieter Dopple', 'A. Hijazi']","['Carrizo Springs', 'Texas', 'Texas', 'Uvalde', 'Laredo', 'Uvalde', 'Antwerp', 'Belgium', 'Newark']","['3 August, 2004 two', '2 August, 2004', '2233', '1212']","['the Longhorn Motel', 'TX', 'TX', 'USCBP', 'TX', 'USCPB', 'Piedras Negras', 'Hoveniersstraat', 'NJ', 'FBI', 'HIjazi', 'HIjazi', 'FBI', 'USPS']"
